飯,麵,鍋類,麵食,中式,韓式,日式,美式,麵包,甜點,點心,鹹湯,酒精飲料,飲料,其他,早餐,宵夜
炒飯,烏龍麵,涮涮鍋,腸粉,鳳爪,辣炒年糕,關東煮,披薩,可頌,慕斯,古早味蛋糕,紫菜湯,啤酒,珍珠奶茶,滷味,漢堡,漢堡
咖哩飯,螺獅粉,羊肉爐,捲餅,菠蘿油,韓式飯捲,可樂餅,炸雞,吐司,提拉米蘇,車輪餅,酸辣湯,黑啤,紅茶,鹹水雞,薯條,薯條
蛋包飯,麵疙瘩,部隊鍋,蒸餃,蚵仔煎,韓式煎餅,章魚燒,炸魚,法式吐司,戚風蛋糕,糖葫蘆,蛋花湯,紅酒,綠茶,沙拉,熱狗,熱狗
燴飯,麻醬麵,薑母鴨,湯餃,臭豆腐,韓式烤肉,壽司,,熱壓吐司,杯子蛋糕,麻糬,玉米濃湯,雞尾酒,青茶,熱炒,雞塊,雞塊
燉飯,炸醬麵,小火鍋,抄手,歐姆雷特蛋捲,銅板烤肉,生魚片,,厚片,千層蛋糕,銀絲捲,蛤蜊湯,白葡萄酒,烏龍茶,燒烤,薯餅,薯餅
粥,鍋燒麵,壽喜燒,雲吞,潤餅,韓式炸雞,手捲,,貝果,起司蛋糕,爆米花,貢丸湯,mojito,四季春,牛排,潛艇堡,炒麵
石鍋拌飯,意麵,酸菜白肉鍋,鍋貼,豬血糕,,鐵板燒,,佛卡夏,年輪蛋糕,胡椒餅,魚丸湯,manhattan,高山茶,燕麥,滿福堡,蔥油餅
泡飯,泡麵,砂鍋魚頭,燒賣,大腸包小腸,,文字燒,,三明治,海綿蛋糕,雪花糕,排骨湯,margarita,黑茶,肉圓,炒麵,蛋餅
控肉飯,大滷麵,麻辣鍋,月亮蝦餅,刈包,,大阪燒,,丹麥吐司,蜂蜜蛋糕,月餅,味噌湯,martini,麥茶,鹹酥雞,蔥油餅,油條
滷肉飯,沾麵,泡菜鍋,春捲,,,廣島燒,,法國麵包,葡式蛋塔,地瓜球,餛飩湯,old fashioned,奶茶,雞腳凍,蛋餅,芋粿
雞肉飯,義大利麵,千層鍋,,,,茶碗蒸,,牛角麵包,舒芙蕾,雞蛋糕,牛肉湯,bloody mary,冬瓜茶,活蝦,油條,蔥蛋
鴨肉飯,陽春麵,石頭火鍋,,,,天婦羅,,,馬芬,煎餅,豬肝湯,moscow mule,綠豆沙,麻辣燙,芋粿,蔥抓餅
丼飯,焗烤麵,臭臭鍋,,,,鹹可麗餅,,,蒙布朗,釣鐘燒,羅宋湯,gimlet,可可,buffet,蔥蛋,蘿蔔糕
蓋飯,通心麵,串串鍋,,,,馬鈴薯燉肉,,,可麗露,奶凍卷,蘿蔔湯,negroni,果汁,豆乳雞,蔥抓餅,燒餅
炊飯,雞絲麵,,,,,,,,蝴蝶酥,青糰,蔬菜湯,whiskey sour,牛奶,串燒,蘿蔔糕,鹹豆漿
海南雞飯,牛肉麵,,,,,,,,派,米香,筍子湯,daiquiri,拿鐵,甕仔雞,燒餅,粽子
燒肉飯,麵線,,,,,,,,布丁,拔絲地瓜,蚵仔湯,cosmopolitan,咖啡,,鹹豆漿,水餃
油飯,麵線糊,,,,,,,,烤布蕾,烤地瓜,魚湯,sex on beach,抹茶,,小米粥,煎餃
豬腳飯,鴨肉麵,,,,,,,,鬆餅,茶葉蛋,四神湯,long island iced tea,奶昔,,碗粿,小籠包
烤肉飯,蕎麥麵,,,,,,,,奶凍,涼糕,豬血湯,around the world,豆奶,,粽子,湯包
排骨飯,擔仔麵,,,,,,,,奶酪,炸鮮奶,豆腐湯,black russian,豆漿,,米糕,饅頭
鰻魚飯,切仔麵,,,,,,,,甜甜圈,雙胞胎,金針湯,white russion,米漿,,水餃,包子
焗烤飯,千層麵,,,,,,,,馬卡龍,韭菜盒子,大醬湯,blue hawaii,豆米漿,,煎餃,水煎包
煲仔飯,冬粉,,,,,,,,泡芙,蚵嗲,鹹湯圓,angel's kiss,黑麥汁,,小籠包,生煎包
燒臘飯,拉麵,,,,,,,,塔,棺材板,藥膳湯,tequila sunrise,木瓜牛奶,,湯包,涼麵
蒜泥白肉飯,餛飩麵,,,,,,,,天使蛋糕,糖炒栗子,土瓶蒸,gibson,蘇打,,饅頭,鐵板麵
羹飯,拌麵,,,,,,,,黑森林蛋糕,黑糖糕,,screwdriver,,,包子,米堡
打拋豬飯,海鮮麵,,,,,,,,熔岩蛋糕,鳳梨酥,,vobka lime,,,水煎包,肉燥飯
雞腿飯,榨菜肉絲麵,,,,,,,,磅蛋糕,鳳凰酥,,,,,生煎包,飯糰
雞排飯,羹麵,,,,,,,,甜可麗餅,烤糰子,,,,,涼麵,粥
魚排飯,沙茶麵,,,,,,,,冰棒,和菓子,,,,,鐵板麵,滷肉飯
合菜飯,刀削麵,,,,,,,,甜筒,大福,,,,,米粉,滷味
豬排飯,粄條,,,,,,,,雪糕,銅鑼燒,,,,,米堡,鹹水雞
雞柳飯,酸辣湯麵,,,,,,,,冰沙,羊羹,,,,,肉燥飯,沙拉
蝦捲飯,打拋豬麵,,,,,,,,炒冰,鯛魚燒,,,,,飯糰,熱炒
香腸飯,河粉,,,,,,,,聖代,玄餅,,,,,粥,燒烤
油雞飯,,,,,,,,,剉冰,蕨餅,,,,,控肉飯,燕麥
,,,,,,,,,雪花冰,牛軋糖,,,,,滷肉飯,鹹酥雞
,,,,,,,,,冰淇淋,生巧克力,,,,,雞肉飯,雞腳凍
,,,,,,,,,,紅豆湯,,,,,,麻辣燙
,,,,,,,,,,綠豆湯,,,,,,串燒
,,,,,,,,,,豆花湯,,,,,,糖葫蘆
,,,,,,,,,,甜湯圓,,,,,,爆米花
,,,,,,,,,,燒仙草,,,,,,胡椒餅
,,,,,,,,,,薏仁湯,,,,,,地瓜球
,,,,,,,,,,杏仁湯,,,,,,雞蛋糕
,,,,,,,,,,蓮子湯,,,,,,茶葉蛋
,,,,,,,,,,銀耳湯,,,,,,優格
,,,,,,,,,,米苔目,,,,,,關東煮
,,,,,,,,,,西米露,,,,,,章魚燒
,,,,,,,,,,花生湯,,,,,,壽司
,,,,,,,,,,優格,,,,,,鐵板燒
,,,,,,,,,,,,,,,,蚵仔煎
,,,,,,,,,,,,,,,,臭豆腐
,,,,,,,,,,,,,,,,豬血糕
,,,,,,,,,,,,,,,,大腸包小腸
,,,,,,,,,,,,,,,,刈包
,,,,,,,,,,,,,,,,涮涮鍋
,,,,,,,,,,,,,,,,羊肉爐
,,,,,,,,,,,,,,,,薑母鴨
,,,,,,,,,,,,,,,,小火鍋
,,,,,,,,,,,,,,,,臭臭鍋
,,,,,,,,,,,,,,,,串串鍋
